menu_title,menu_handle,is_default,level,item_id,item_title,item_type,url,resource_id,tags
"MAIN (ELTEE)","main-menu","true","1","gid://shopify/MenuItem/555462721673","SHOP ALL","COLLECTION","/collections/all","gid://shopify/Collection/284583723145",""
"MAIN (ELTEE)","main-menu","true","1","gid://shopify/MenuItem/547798745225","SWIM","COLLECTION","/collections/girls-period-swimwear","gid://shopify/Collection/283440447625",""
"MAIN (ELTEE)","main-menu","true","2","gid://shopify/MenuItem/534329983113","UnderSwim OG","PRODUCT","/products/period-swim-undies","gid://shopify/Product/7087978381449",""
"MAIN (ELTEE)","main-menu","true","2","gid://shopify/MenuItem/534330015881","UnderSwim G-Fit","PRODUCT","/products/g-fit-underswim-period-swim-underwear","gid://shopify/Product/8004465393801",""
"MAIN (ELTEE)","main-menu","true","2","gid://shopify/MenuItem/547798777993","Period Swim Bikini Bottoms","PRODUCT","/products/period-swimwear-bottoms-for-teens","gid://shopify/Product/7942146162825",""
"MAIN (ELTEE)","main-menu","true","2","gid://shopify/MenuItem/577693057161","Performance Period One-Piece","PRODUCT","/products/swimsync-period-one-piece-swimsuit","gid://shopify/Product/8318788468873",""
"MAIN (ELTEE)","main-menu","true","2","gid://shopify/MenuItem/547799367817","Why the Best Teen Period Swim?","COLLECTION","/collections/girls-period-swimwear","gid://shopify/Collection/283440447625",""
"MAIN (ELTEE)","main-menu","true","1","gid://shopify/MenuItem/547798810761","ACTIVE","HTTP","#","",""
"MAIN (ELTEE)","main-menu","true","2","gid://shopify/MenuItem/589266845833","UnderAustin Period Undershort","PRODUCT","/products/underaustin","gid://shopify/Product/8390218612873",""
"MAIN (ELTEE)","main-menu","true","2","gid://shopify/MenuItem/534330376329","UnderDance Active Period Underwear","PRODUCT","/products/period-dance-gym","gid://shopify/Product/7811751936137",""
"MAIN (ELTEE)","main-menu","true","1","gid://shopify/MenuItem/547798876297","EVERYDAY","COLLECTION","/collections/best-first-period-tween-teen-girl","gid://shopify/Collection/300248662153",""
"MAIN (ELTEE)","main-menu","true","2","gid://shopify/MenuItem/534332506249","Period Starter Bumpers Briefs","PRODUCT","/products/period-underwear-girls","gid://shopify/Product/7521371095177",""
"MAIN (ELTEE)","main-menu","true","2","gid://shopify/MenuItem/547798909065","UnderShortie Boyleg Briefs","PRODUCT","/products/period-boyshort-undies","gid://shopify/Product/7843771285641",""
"MAIN (ELTEE)","main-menu","true","2","gid://shopify/MenuItem/539276312713","UnderLiner Ultra Thins","PRODUCT","/products/underliner-girls-leak-proof","gid://shopify/Product/8103196131465",""
"MAIN (ELTEE)","main-menu","true","2","gid://shopify/MenuItem/547800678537","About First & Early Period Undies","PAGE","/pages/first-period-underwear-for-girls","gid://shopify/Page/95692423305",""
"MAIN (ELTEE)","main-menu","true","1","gid://shopify/MenuItem/547803693193","OTHER HANDY STUFF","HTTP","#","",""
"MAIN (ELTEE)","main-menu","true","2","gid://shopify/MenuItem/547803725961","Wet Pouch","PRODUCT","/products/wet-pouch","gid://shopify/Product/7849077833865",""
"MAIN (ELTEE)","main-menu","true","2","gid://shopify/MenuItem/548589830281","Stain Slayer Wipes","PRODUCT","/products/stain-slayer-single-use-wipe","gid://shopify/Product/8162437955721",""
"MAIN (ELTEE)","main-menu","true","1","gid://shopify/MenuItem/547798941833","BUNDLE & SAVE","HTTP","#","",""
"MAIN (ELTEE)","main-menu","true","2","gid://shopify/MenuItem/547798974601","The Pool Perfect","PRODUCT","/products/tpp-combo","gid://shopify/Product/8462059110537",""
"MAIN (ELTEE)","main-menu","true","2","gid://shopify/MenuItem/586829922441","Period Starter 5-Pack","PRODUCT","/products/period-starter-bundle-5-pack","gid://shopify/Product/8462007730313",""
"MAIN (ELTEE)","main-menu","true","2","gid://shopify/MenuItem/586917052553","The Active All Rounder","PRODUCT","/products/aar-combo","gid://shopify/Product/8463170896009",""
"MAIN (ELTEE)","main-menu","true","2","gid://shopify/MenuItem/599744348297","The Encore Bundle","PRODUCT","/products/the-encore-bundle-2","gid://shopify/Product/8641804501129",""
"MAIN (ELTEE)","main-menu","true","2","gid://shopify/MenuItem/550651199625","The Ready-for-Anything (Dance)","PRODUCT","/products/the-ready-for-anything-pack-dance-edition","gid://shopify/Product/8462051213449",""
"MAIN (ELTEE)","main-menu","true","2","gid://shopify/MenuItem/550661587081","The Ready-for-Anything (Swim)","PRODUCT","/products/the-ready-for-anything-pack-swim-edition","gid://shopify/Product/8462055899273",""
"MAIN (ELTEE)","main-menu","true","2","gid://shopify/MenuItem/547799072905","All Bundles","COLLECTION","/collections/bundle-save","gid://shopify/Collection/302695153801",""
"FOOTER","footer-help","false","1","gid://shopify/MenuItem/466191876233","Our Mission","PAGE","/pages/mission","gid://shopify/Page/92793077897",""
"FOOTER","footer-help","false","1","gid://shopify/MenuItem/412379381897","FAQs","PAGE","/pages/faq","gid://shopify/Page/111201812617",""
"FOOTER","footer-help","false","1","gid://shopify/MenuItem/460909707401","Apply for Wholesale Account","PAGE","/pages/wholesale","gid://shopify/Page/94725374089",""
"FOOTER","footer-help","false","1","gid://shopify/MenuItem/540798288009","Clubs and Swimming Centres","PAGE","/pages/girls-periods-pool","gid://shopify/Page/108480725129",""
"FOOTER","footer-help","false","1","gid://shopify/MenuItem/433443471497","Contact Us","PAGE","/pages/contact-us","gid://shopify/Page/79392374921",""
"FOOTER","footer-help","false","1","gid://shopify/MenuItem/412388622473","Terms & Conditions","PAGE","/pages/terms-conditions","gid://shopify/Page/79399878793",""
"FOOTER","footer-help","false","1","gid://shopify/MenuItem/412388393097","Privacy Policy","PAGE","/pages/privacy-policy","gid://shopify/Page/79399780489",""
"PRODUCT INFO","product-info","false","1","gid://shopify/MenuItem/473326223497","INFO & GUIDES","BLOG","/blogs/period-info-guides","gid://shopify/Blog/24754421826",""
"PRODUCT INFO","product-info","false","1","gid://shopify/MenuItem/472360157321","PRODUCT DEMOS","PAGE","/pages/period-undies-demo-videos","gid://shopify/Page/95411503241",""
"PRODUCT INFO","product-info","false","1","gid://shopify/MenuItem/518025314441","REVIEWS","PAGE","/pages/reviews","gid://shopify/Page/85165670537",""
"PRODUCT INFO","product-info","false","1","gid://shopify/MenuItem/523070046345","FAQs","PAGE","/pages/shipping-returns-faqs","gid://shopify/Page/79392505993",""
"PRODUCT INFO","product-info","false","1","gid://shopify/MenuItem/472547688585","CARE","HTTP","#","",""
"PRODUCT INFO","product-info","false","2","gid://shopify/MenuItem/547023290505","WASHING INSTRUCTIONS","PAGE","/pages/period-proof-care-info","gid://shopify/Page/98268676233",""
"PRODUCT INFO","product-info","false","1","gid://shopify/MenuItem/472360255625","FIT","HTTP","#","",""
"PRODUCT INFO","product-info","false","2","gid://shopify/MenuItem/547023257737","SIZE GUIDE","PAGE","/pages/size-chart","gid://shopify/Page/79389917321",""
"PRODUCT INFO","product-info","false","1","gid://shopify/MenuItem/472360222857","Best Period Undies for Tweens & Teens","PAGE","/pages/first-period-underwear-for-girls","gid://shopify/Page/95692423305",""
"PRODUCT INFO","product-info","false","1","gid://shopify/MenuItem/472360288393","Returns & Exchanges","PAGE","/pages/returns-exchanges","gid://shopify/Page/96572145801",""
"Customer account main menu","customer-account-main-menu","true","1","gid://shopify/MenuItem/494741422217","Orders","CUSTOMER_ACCOUNT_PAGE","https://account.elteesydney.com.au/orders","gid://shopify/CustomerAccountPage/47669084297",""
"Customer account main menu","customer-account-main-menu","true","1","gid://shopify/MenuItem/579992486025","Profile","CUSTOMER_ACCOUNT_PAGE","https://account.elteesydney.com.au/profile","gid://shopify/CustomerAccountPage/47669117065",""
"HELP DESK (J&J)","handy-stuff","false","1","gid://shopify/MenuItem/547023323273","HELP DESK","PAGE","/pages/faq","gid://shopify/Page/111201812617",""
"HELP DESK (J&J)","handy-stuff","false","2","gid://shopify/MenuItem/547716694153","FAQs","PAGE","/pages/faq","gid://shopify/Page/111201812617",""
"HELP DESK (J&J)","handy-stuff","false","2","gid://shopify/MenuItem/547023356041","Size & Fit","PAGE","/pages/size-chart","gid://shopify/Page/79389917321",""
"HELP DESK (J&J)","handy-stuff","false","2","gid://shopify/MenuItem/534329393289","Wear & Care","PAGE","/pages/period-proof-care-info","gid://shopify/Page/98268676233",""
"HELP DESK (J&J)","handy-stuff","false","2","gid://shopify/MenuItem/534329426057","Leak-Free Tips","PAGE","/pages/tips-to-ensure-a-leak-free-wear","gid://shopify/Page/103892517001",""
"HELP DESK (J&J)","handy-stuff","false","2","gid://shopify/MenuItem/570065748105","Returns","PAGE","/pages/returns-es","gid://shopify/Page/118209151113",""
"HELP DESK (J&J)","handy-stuff","false","1","gid://shopify/MenuItem/547026862217","PROOF & PROMISE","HTTP","#","",""
"HELP DESK (J&J)","handy-stuff","false","2","gid://shopify/MenuItem/547026894985","Product Demo Videos","PAGE","/pages/period-undies-demo-videos","gid://shopify/Page/95411503241",""
"HELP DESK (J&J)","handy-stuff","false","2","gid://shopify/MenuItem/547026927753","Reviews","PAGE","/pages/reviews","gid://shopify/Page/85165670537",""
"HELP DESK (J&J)","handy-stuff","false","2","gid://shopify/MenuItem/547026960521","Our Pricing Promise","PAGE","/pages/our-pricing-promise-eltee-sydney","gid://shopify/Page/103284277385",""
"HELP DESK (J&J)","handy-stuff","false","1","gid://shopify/MenuItem/534900310153","INFO, GUIDES & TIPS (Blog)","HTTP","#","",""
"HELP DESK (J&J)","handy-stuff","false","2","gid://shopify/MenuItem/534900342921","Period Positivity for Girls Dads","ARTICLE","/blogs/period-info-guides/period-positivity-for-dads","gid://shopify/Article/562824446089",""
"HELP DESK (J&J)","handy-stuff","false","2","gid://shopify/MenuItem/534900375689","Starter Guide to Using Pads & Tampons","ARTICLE","/blogs/period-info-guides/first-guide-to-using-pads-and-tampons","gid://shopify/Article/562602213513",""
"HELP DESK (J&J)","handy-stuff","false","2","gid://shopify/MenuItem/534900408457","The Drop-Out Rate Among 11+ Girls","ARTICLE","/blogs/period-info-guides/why-girls-quit-sport","gid://shopify/Article/559906324617",""
"HELP DESK (J&J)","handy-stuff","false","2","gid://shopify/MenuItem/534900441225","First Period Signs","ARTICLE","/blogs/period-info-guides/4-period-signs","gid://shopify/Article/560961519753",""
"HELP DESK (J&J)","handy-stuff","false","2","gid://shopify/MenuItem/534900670601","VIEW ALL","BLOG","/blogs/period-info-guides","gid://shopify/Blog/24754421826",""
"HELP DESK (J&J)","handy-stuff","false","1","gid://shopify/MenuItem/547716726921","ABOUT ELTEE","PAGE","/pages/contact-us","gid://shopify/Page/79392374921",""
"HELP DESK (J&J)","handy-stuff","false","2","gid://shopify/MenuItem/564610105481","Get In Touch","PAGE","/pages/contact-us","gid://shopify/Page/79392374921",""
"HELP DESK (J&J)","handy-stuff","false","2","gid://shopify/MenuItem/564610138249","Our Mission","PAGE","/pages/mission","gid://shopify/Page/92793077897",""
"HELP DESK (J&J)","handy-stuff","false","2","gid://shopify/MenuItem/566390161545","Erina Store","PAGE","/pages/erina-store","gid://shopify/Page/116916256905",""
"HELP DESK (J&J)","handy-stuff","false","2","gid://shopify/MenuItem/574704877705","Stockists","PAGE","/pages/store-locator","gid://shopify/Page/115717144713",""
"HELP DESK (J&J)","handy-stuff","false","1","gid://shopify/MenuItem/566986277001","ADVOCACY","HTTP","#","",""
"HELP DESK (J&J)","handy-stuff","false","2","gid://shopify/MenuItem/566986309769","Inclusive Swim - Eltee Sydney x Swim Aus","PAGE","/pages/period-inclusive-swim-campaign","gid://shopify/Page/116901970057",""
"HELP DESK (J&J)","handy-stuff","false","2","gid://shopify/MenuItem/601133547657","Bloody Good Sport","PAGE","/pages/bloody-good-sport","gid://shopify/Page/120889442441",""
"MOBILE (ELTEE)","mobile","false","1","gid://shopify/MenuItem/534381953161","SHOP","HTTP","#","",""
"MOBILE (ELTEE)","mobile","false","2","gid://shopify/MenuItem/534366912649","SWIM","COLLECTION","/collections/girls-period-swimwear","gid://shopify/Collection/283440447625",""
"MOBILE (ELTEE)","mobile","false","3","gid://shopify/MenuItem/534366945417","UnderSwim OG","PRODUCT","/products/period-swim-undies","gid://shopify/Product/7087978381449",""
"MOBILE (ELTEE)","mobile","false","3","gid://shopify/MenuItem/534366978185","UnderSwim G-Fit","PRODUCT","/products/g-fit-underswim-period-swim-underwear","gid://shopify/Product/8004465393801",""
"MOBILE (ELTEE)","mobile","false","3","gid://shopify/MenuItem/577693483145","Period Performance One-Piece","PRODUCT","/products/swimsync-period-one-piece-swimsuit","gid://shopify/Product/8318788468873",""
"MOBILE (ELTEE)","mobile","false","3","gid://shopify/MenuItem/534387327113","Period Swim Bikini Bottoms","PRODUCT","/products/period-swimwear-bottoms-for-teens","gid://shopify/Product/7942146162825",""
"MOBILE (ELTEE)","mobile","false","3","gid://shopify/MenuItem/544851296393","Why the Best Teen Period Swimwear?","COLLECTION","/collections/girls-period-swimwear","gid://shopify/Collection/283440447625",""
"MOBILE (ELTEE)","mobile","false","2","gid://shopify/MenuItem/534371303561","ACTIVE","HTTP","#","",""
"MOBILE (ELTEE)","mobile","false","3","gid://shopify/MenuItem/589266813065","UnderAustin Period Undershort","PRODUCT","/products/underaustin","gid://shopify/Product/8390218612873",""
"MOBILE (ELTEE)","mobile","false","3","gid://shopify/MenuItem/534371336329","UnderDance Active Period Underwear","PRODUCT","/products/period-dance-gym","gid://shopify/Product/7811751936137",""
"MOBILE (ELTEE)","mobile","false","2","gid://shopify/MenuItem/534372483209","FIRST / EARLY PERIOD","COLLECTION","/collections/best-first-period-tween-teen-girl","gid://shopify/Collection/300248662153",""
"MOBILE (ELTEE)","mobile","false","3","gid://shopify/MenuItem/534372515977","Period Starter Briefs","PRODUCT","/products/period-underwear-girls","gid://shopify/Product/7521371095177",""
"MOBILE (ELTEE)","mobile","false","3","gid://shopify/MenuItem/534371369097","UnderShortie Boyleg Brief","PRODUCT","/products/period-boyshort-undies","gid://shopify/Product/7843771285641",""
"MOBILE (ELTEE)","mobile","false","3","gid://shopify/MenuItem/539276345481","UnderLiner Ultra Thins","PRODUCT","/products/underliner-girls-leak-proof","gid://shopify/Product/8103196131465",""
"MOBILE (ELTEE)","mobile","false","3","gid://shopify/MenuItem/547803332745","About First & Early Period Undies","PAGE","/pages/first-period-underwear-for-girls","gid://shopify/Page/95692423305",""
"MOBILE (ELTEE)","mobile","false","2","gid://shopify/MenuItem/547807264905","OTHER HANDY STUFF","HTTP","#","",""
"MOBILE (ELTEE)","mobile","false","3","gid://shopify/MenuItem/547807297673","Wet Pouch","PRODUCT","/products/wet-pouch","gid://shopify/Product/7849077833865",""
"MOBILE (ELTEE)","mobile","false","3","gid://shopify/MenuItem/548590092425","Stain Slayer Wipes","PRODUCT","/products/stain-slayer-single-use-wipe","gid://shopify/Product/8162437955721",""
"MOBILE (ELTEE)","mobile","false","2","gid://shopify/MenuItem/534884679817","BUNDLE & SAVE","HTTP","#","",""
"MOBILE (ELTEE)","mobile","false","3","gid://shopify/MenuItem/586829660297","Period Starter 5 Pack","PRODUCT","/products/period-starter-bundle-5-pack","gid://shopify/Product/8462007730313",""
"MOBILE (ELTEE)","mobile","false","3","gid://shopify/MenuItem/537088622729","The Pool Perfect Combo","PRODUCT","/products/tpp-combo","gid://shopify/Product/8462059110537",""
"MOBILE (ELTEE)","mobile","false","3","gid://shopify/MenuItem/586916757641","The Active All Rounder","PRODUCT","/products/aar-combo","gid://shopify/Product/8463170896009",""
"MOBILE (ELTEE)","mobile","false","3","gid://shopify/MenuItem/599744446601","The Encore Bundle","PRODUCT","/products/the-encore-bundle-2","gid://shopify/Product/8641804501129",""
"MOBILE (ELTEE)","mobile","false","3","gid://shopify/MenuItem/550661521545","Ready-For-Anything (Dance)","PRODUCT","/products/the-ready-for-anything-pack-dance-edition","gid://shopify/Product/8462051213449",""
"MOBILE (ELTEE)","mobile","false","3","gid://shopify/MenuItem/550661554313","Ready for Anything (Swim)","PRODUCT","/products/the-ready-for-anything-pack-swim-edition","gid://shopify/Product/8462055899273",""
"MOBILE (ELTEE)","mobile","false","3","gid://shopify/MenuItem/535204692105","Shop All Bundles & Combos","COLLECTION","/collections/bundle-save","gid://shopify/Collection/302695153801",""
"MOBILE (ELTEE)","mobile","false","2","gid://shopify/MenuItem/534372679817","SHOP ALL","COLLECTION","/collections/all","gid://shopify/Collection/284583723145",""
"MOBILE (ELTEE)","mobile","false","1","gid://shopify/MenuItem/541783392393","HELP DESK","HTTP","#","",""
"MOBILE (ELTEE)","mobile","false","2","gid://shopify/MenuItem/547715154057","FAQs","PAGE","/pages/faq","gid://shopify/Page/111201812617",""
"MOBILE (ELTEE)","mobile","false","2","gid://shopify/MenuItem/547257483401","Size Chart & Measuring Tips","PAGE","/pages/size-chart","gid://shopify/Page/79389917321",""
"MOBILE (ELTEE)","mobile","false","2","gid://shopify/MenuItem/534382117001","How to Wear & Care","PAGE","/pages/period-proof-care-info","gid://shopify/Page/98268676233",""
"MOBILE (ELTEE)","mobile","false","2","gid://shopify/MenuItem/534382149769","Tips for a Secure, Leak-Free Wear","PAGE","/pages/tips-to-ensure-a-leak-free-wear","gid://shopify/Page/103892517001",""
"MOBILE (ELTEE)","mobile","false","2","gid://shopify/MenuItem/598753017993","Returns & Exchanges","PAGE","/pages/returns-es","gid://shopify/Page/118209151113",""
"MOBILE (ELTEE)","mobile","false","1","gid://shopify/MenuItem/547025682569","PROOF & PROMISES","HTTP","#","",""
"MOBILE (ELTEE)","mobile","false","2","gid://shopify/MenuItem/534372876425","Product Demo Videos","PAGE","/pages/period-undies-demo-videos","gid://shopify/Page/95411503241",""
"MOBILE (ELTEE)","mobile","false","2","gid://shopify/MenuItem/534372843657","Reviews","PAGE","/pages/reviews","gid://shopify/Page/85165670537",""
"MOBILE (ELTEE)","mobile","false","2","gid://shopify/MenuItem/547025715337","Our Pricing Promise","PAGE","/pages/our-pricing-promise-eltee-sydney","gid://shopify/Page/103284277385",""
"MOBILE (ELTEE)","mobile","false","1","gid://shopify/MenuItem/550098272393","CONTACT US","PAGE","/pages/contact-us","gid://shopify/Page/79392374921",""
"MOBILE (ELTEE)","mobile","false","2","gid://shopify/MenuItem/566390030473","Get in Touch","PAGE","/pages/contact-us","gid://shopify/Page/79392374921",""
"MOBILE (ELTEE)","mobile","false","2","gid://shopify/MenuItem/566390063241","Erina Store","PAGE","/pages/erina-store","gid://shopify/Page/116916256905",""
"MOBILE (ELTEE)","mobile","false","2","gid://shopify/MenuItem/574703960201","Stockists","PAGE","/pages/store-locator","gid://shopify/Page/115717144713",""
"MOBILE (ELTEE)","mobile","false","1","gid://shopify/MenuItem/566984999049","ADVOCACY","FRONTPAGE","/","",""
"MOBILE (ELTEE)","mobile","false","2","gid://shopify/MenuItem/566985031817","Inclusive Swim - Eltee Sydney x Swim Aus","PAGE","/pages/period-inclusive-swim-campaign","gid://shopify/Page/116901970057",""
"MOBILE (ELTEE)","mobile","false","2","gid://shopify/MenuItem/601133580425","Bloody Good Sport","PAGE","/pages/bloody-good-sport","gid://shopify/Page/120889442441",""
"BUNDLE & SAVE","bundle-save","false","1","gid://shopify/MenuItem/535237755017","SHOP BY BUNDLE","HTTP","#","",""
"BUNDLE & SAVE","bundle-save","false","2","gid://shopify/MenuItem/540302966921","THE POOL PERFECT ","PRODUCT","/products/tpp-arch","gid://shopify/Product/8121749569673",""
"BUNDLE & SAVE","bundle-save","false","2","gid://shopify/MenuItem/540302999689","THE ACTIVE ALL-ROUNDER","PRODUCT","/products/aar-arch","gid://shopify/Product/8121778962569",""
"BUNDLE & SAVE","bundle-save","false","1","gid://shopify/MenuItem/535204659337","SHOP ALL BUNDLES & COMBOS","COLLECTION","/collections/bundle-save","gid://shopify/Collection/302695153801",""
"PRODUCT DEMO VIDEOS","product-demo-videos","false","1","gid://shopify/MenuItem/547023814793","PRODUCT DEMO VIDEOS","PAGE","/pages/period-undies-demo-videos","gid://shopify/Page/95411503241",""
"PROOF & PROMISES","proof-promise","false","1","gid://shopify/MenuItem/547025748105","PRODUCT DEMO VIDEOS","PAGE","/pages/period-undies-demo-videos","gid://shopify/Page/95411503241",""
"PROOF & PROMISES","proof-promise","false","1","gid://shopify/MenuItem/547025780873","REVIEWS","PAGE","/pages/reviews","gid://shopify/Page/85165670537",""
"PROOF & PROMISES","proof-promise","false","1","gid://shopify/MenuItem/547025813641","PRICING PROMISE","PAGE","/pages/our-pricing-promise-eltee-sydney","gid://shopify/Page/103284277385",""
"MAIN (J&J)","main-us-can","false","1","gid://shopify/MenuItem/564214169737","SHOP ALL","COLLECTION","/collections/all","gid://shopify/Collection/284583723145",""
"MAIN (J&J)","main-us-can","false","1","gid://shopify/MenuItem/591123087497","SWIM","COLLECTION","/collections/girls-period-swimwear","gid://shopify/Collection/283440447625",""
"MAIN (J&J)","main-us-can","false","2","gid://shopify/MenuItem/564213252233","UnderSwim OG","PRODUCT","/products/period-swim-undies","gid://shopify/Product/7087978381449",""
"MAIN (J&J)","main-us-can","false","2","gid://shopify/MenuItem/581273157769","UnderSwim G-Fit","PRODUCT","/products/g-fit-underswim-period-swim-underwear","gid://shopify/Product/8004465393801",""
"MAIN (J&J)","main-us-can","false","2","gid://shopify/MenuItem/580853137545","Period Performance One-Piece","PRODUCT","/products/swimsync-period-one-piece-swimsuit","gid://shopify/Product/8318788468873",""
"MAIN (J&J)","main-us-can","false","2","gid://shopify/MenuItem/564213317769","Period Swim Bikini Bottoms","PRODUCT","/products/period-swimwear-bottoms-for-teens","gid://shopify/Product/7942146162825",""
"MAIN (J&J)","main-us-can","false","2","gid://shopify/MenuItem/564213350537","Why the Best Teen Period Swim?","COLLECTION","/collections/girls-period-swimwear","gid://shopify/Collection/283440447625",""
"MAIN (J&J)","main-us-can","false","1","gid://shopify/MenuItem/564213219465","ACTIVE","HTTP","#","",""
"MAIN (J&J)","main-us-can","false","2","gid://shopify/MenuItem/564213416073","UnderDance Active Period Underwear","PRODUCT","/products/period-dance-gym","gid://shopify/Product/7811751936137",""
"MAIN (J&J)","main-us-can","false","2","gid://shopify/MenuItem/604236513417","UnderAustin Period Undershort","PRODUCT","/products/underaustin","gid://shopify/Product/8390218612873",""
"MAIN (J&J)","main-us-can","false","1","gid://shopify/MenuItem/564213481609","EVERYDAY ESSENTIALS","PAGE","/pages/first-period-underwear-for-girls","gid://shopify/Page/95692423305",""
"MAIN (J&J)","main-us-can","false","2","gid://shopify/MenuItem/564213514377","Period Starter Bumpers Briefs","PRODUCT","/products/period-underwear-girls","gid://shopify/Product/7521371095177",""
"MAIN (J&J)","main-us-can","false","2","gid://shopify/MenuItem/586777002121","UnderShortie Boyleg Briefs","PRODUCT","/products/period-boyshort-undies","gid://shopify/Product/7843771285641",""
"MAIN (J&J)","main-us-can","false","2","gid://shopify/MenuItem/564213547145","UnderLiner Ultra Thins","PRODUCT","/products/underliner-girls-leak-proof","gid://shopify/Product/8103196131465",""
"MAIN (J&J)","main-us-can","false","2","gid://shopify/MenuItem/564213612681","About First & Early Period Undies","COLLECTION","/collections/teen-period-underwear","gid://shopify/Collection/283436744841",""
"MAIN (J&J)","main-us-can","false","1","gid://shopify/MenuItem/586829430921","BUNDLES","HTTP","#","",""
"MAIN (J&J)","main-us-can","false","2","gid://shopify/MenuItem/586829463689","Period Starter 5-Pack","PRODUCT","/products/period-starter-bundle-5-pack","gid://shopify/Product/8462007730313",""
"MAIN (J&J)","main-us-can","false","2","gid://shopify/MenuItem/586829496457","The Pool Perfect Combo","PRODUCT","/products/tpp-combo","gid://shopify/Product/8462059110537",""
"MAIN (J&J)","main-us-can","false","2","gid://shopify/MenuItem/586916790409","The Active All Rounder","PRODUCT","/products/aar-combo","gid://shopify/Product/8463170896009",""
"MAIN (J&J)","main-us-can","false","2","gid://shopify/MenuItem/599744381065","The Encore Bundle","PRODUCT","/products/the-encore-bundle-2","gid://shopify/Product/8641804501129",""
"MAIN (J&J)","main-us-can","false","2","gid://shopify/MenuItem/586829529225","Ready for Anything (Dance)","PRODUCT","/products/the-ready-for-anything-pack-dance-edition","gid://shopify/Product/8462051213449",""
"MAIN (J&J)","main-us-can","false","2","gid://shopify/MenuItem/586829561993","Ready for Anything (Swim)","PRODUCT","/products/the-ready-for-anything-pack-swim-edition","gid://shopify/Product/8462055899273",""
"MAIN (J&J)","main-us-can","false","2","gid://shopify/MenuItem/586916823177","Shop All Bundles","COLLECTION","/collections/bundle-save","gid://shopify/Collection/302695153801",""
"MAIN (J&J)","main-us-can","false","1","gid://shopify/MenuItem/580503306377","OTHER HANDY STUFF","HTTP","https://elteesydney.com/#","",""
"MAIN (J&J)","main-us-can","false","2","gid://shopify/MenuItem/580503339145","Wet Pouch","PRODUCT","/products/wet-pouch","gid://shopify/Product/7849077833865",""
"HELP DESK (ELTEE)","help-desk-eltee","false","1","gid://shopify/MenuItem/569975210121","HELP DESK","PAGE","/pages/faq","gid://shopify/Page/111201812617",""
"HELP DESK (ELTEE)","help-desk-eltee","false","2","gid://shopify/MenuItem/569975242889","FAQs","PAGE","/pages/faq","gid://shopify/Page/111201812617",""
"HELP DESK (ELTEE)","help-desk-eltee","false","2","gid://shopify/MenuItem/569975275657","Size & Fit","PAGE","/pages/size-chart","gid://shopify/Page/79389917321",""
"HELP DESK (ELTEE)","help-desk-eltee","false","2","gid://shopify/MenuItem/569975308425","Wear & Care","PAGE","/pages/period-proof-care-info","gid://shopify/Page/98268676233",""
"HELP DESK (ELTEE)","help-desk-eltee","false","2","gid://shopify/MenuItem/569975341193","Leak-Free Tips","PAGE","/pages/tips-to-ensure-a-leak-free-wear","gid://shopify/Page/103892517001",""
"HELP DESK (ELTEE)","help-desk-eltee","false","2","gid://shopify/MenuItem/569975373961","Returns & Exchange","PAGE","/pages/returns-exchanges","gid://shopify/Page/96572145801",""
"HELP DESK (ELTEE)","help-desk-eltee","false","1","gid://shopify/MenuItem/569975406729","PROOF & PROMISE","HTTP","#","",""
"HELP DESK (ELTEE)","help-desk-eltee","false","2","gid://shopify/MenuItem/569975439497","Product Demo Videos","PAGE","/pages/period-undies-demo-videos","gid://shopify/Page/95411503241",""
"HELP DESK (ELTEE)","help-desk-eltee","false","2","gid://shopify/MenuItem/569975472265","Reviews","PAGE","/pages/reviews","gid://shopify/Page/85165670537",""
"HELP DESK (ELTEE)","help-desk-eltee","false","2","gid://shopify/MenuItem/569975505033","Our Pricing Promise","PAGE","/pages/our-pricing-promise-eltee-sydney","gid://shopify/Page/103284277385",""
"HELP DESK (ELTEE)","help-desk-eltee","false","1","gid://shopify/MenuItem/569975537801","INFO, GUIDES & TIPS (Blog)","HTTP","#","",""
"HELP DESK (ELTEE)","help-desk-eltee","false","2","gid://shopify/MenuItem/569975570569","Period Positivity for Girls Dads","ARTICLE","/blogs/period-info-guides/period-positivity-for-dads","gid://shopify/Article/562824446089",""
"HELP DESK (ELTEE)","help-desk-eltee","false","2","gid://shopify/MenuItem/569975603337","Starter Guide to Using Pads & Tampons","ARTICLE","/blogs/period-info-guides/first-guide-to-using-pads-and-tampons","gid://shopify/Article/562602213513",""
"HELP DESK (ELTEE)","help-desk-eltee","false","2","gid://shopify/MenuItem/569975636105","The Drop-Out Rate Among 11+ Girls","ARTICLE","/blogs/period-info-guides/why-girls-quit-sport","gid://shopify/Article/559906324617",""
"HELP DESK (ELTEE)","help-desk-eltee","false","2","gid://shopify/MenuItem/569975668873","First Period Signs","ARTICLE","/blogs/period-info-guides/4-period-signs","gid://shopify/Article/560961519753",""
"HELP DESK (ELTEE)","help-desk-eltee","false","2","gid://shopify/MenuItem/569975701641","VIEW ALL","BLOG","/blogs/period-info-guides","gid://shopify/Blog/24754421826",""
"HELP DESK (ELTEE)","help-desk-eltee","false","1","gid://shopify/MenuItem/569975734409","ABOUT ELTEE","PAGE","/pages/contact-us","gid://shopify/Page/79392374921",""
"HELP DESK (ELTEE)","help-desk-eltee","false","2","gid://shopify/MenuItem/569975767177","Get In Touch","PAGE","/pages/contact-us","gid://shopify/Page/79392374921",""
"HELP DESK (ELTEE)","help-desk-eltee","false","2","gid://shopify/MenuItem/569975799945","Our Mission","PAGE","/pages/mission","gid://shopify/Page/92793077897",""
"HELP DESK (ELTEE)","help-desk-eltee","false","2","gid://shopify/MenuItem/569975832713","Erina Store","PAGE","/pages/erina-store","gid://shopify/Page/116916256905",""
"HELP DESK (ELTEE)","help-desk-eltee","false","2","gid://shopify/MenuItem/574704844937","Stockists","PAGE","/pages/store-locator","gid://shopify/Page/115717144713",""
"HELP DESK (ELTEE)","help-desk-eltee","false","1","gid://shopify/MenuItem/569975865481","ADVOCACY","HTTP","#","",""
"HELP DESK (ELTEE)","help-desk-eltee","false","2","gid://shopify/MenuItem/569975898249","Inclusive Swim - Eltee Sydney x Swim Aus","PAGE","/pages/period-inclusive-swim-campaign","gid://shopify/Page/116901970057",""
"HELP DESK (ELTEE)","help-desk-eltee","false","2","gid://shopify/MenuItem/601133514889","Bloody Good Sport","PAGE","/pages/bloody-good-sport","gid://shopify/Page/120889442441",""
"MOBILE (J&J)","mobile-us-can-uk","false","1","gid://shopify/MenuItem/580501110921","SHOP","HTTP","#","",""
"MOBILE (J&J)","mobile-us-can-uk","false","2","gid://shopify/MenuItem/591122694281","SWIM","COLLECTION","/collections/girls-period-swimwear","gid://shopify/Collection/283440447625",""
"MOBILE (J&J)","mobile-us-can-uk","false","3","gid://shopify/MenuItem/580501176457","UnderSwim OG","PRODUCT","/products/period-swim-undies","gid://shopify/Product/7087978381449",""
"MOBILE (J&J)","mobile-us-can-uk","false","3","gid://shopify/MenuItem/581272928393","UnderSwim G-Fit","PRODUCT","/products/g-fit-underswim-period-swim-underwear","gid://shopify/Product/8004465393801",""
"MOBILE (J&J)","mobile-us-can-uk","false","3","gid://shopify/MenuItem/580501274761","Period Swim Bikini Bottoms","PRODUCT","/products/period-swimwear-bottoms-for-teens","gid://shopify/Product/7942146162825",""
"MOBILE (J&J)","mobile-us-can-uk","false","3","gid://shopify/MenuItem/580853170313","Period Performance One-Piece","PRODUCT","/products/swimsync-period-one-piece-swimsuit","gid://shopify/Product/8318788468873",""
"MOBILE (J&J)","mobile-us-can-uk","false","2","gid://shopify/MenuItem/580501143689","ACTIVE","HTTP","#","",""
"MOBILE (J&J)","mobile-us-can-uk","false","3","gid://shopify/MenuItem/586905092233","UnderDance Active Period Underwear","PRODUCT","/products/period-dance-gym","gid://shopify/Product/7811751936137",""
"MOBILE (J&J)","mobile-us-can-uk","false","3","gid://shopify/MenuItem/604236742793","UnderAustin Period Undershort","PRODUCT","/products/underaustin","gid://shopify/Product/8390218612873",""
"MOBILE (J&J)","mobile-us-can-uk","false","2","gid://shopify/MenuItem/580501438601","EVERYDAY ESSENTIALS","COLLECTION","/collections/best-first-period-tween-teen-girl","gid://shopify/Collection/300248662153",""
"MOBILE (J&J)","mobile-us-can-uk","false","3","gid://shopify/MenuItem/580501471369","Period Starter Briefs","PRODUCT","/products/period-underwear-girls","gid://shopify/Product/7521371095177",""
"MOBILE (J&J)","mobile-us-can-uk","false","3","gid://shopify/MenuItem/586905125001","UnderShortie Boyleg Briefs","PRODUCT","/products/period-boyshort-undies","gid://shopify/Product/7843771285641",""
"MOBILE (J&J)","mobile-us-can-uk","false","3","gid://shopify/MenuItem/580501536905","UnderLiner Ultra Thins","PRODUCT","/products/underliner-girls-leak-proof","gid://shopify/Product/8103196131465",""
"MOBILE (J&J)","mobile-us-can-uk","false","3","gid://shopify/MenuItem/580501569673","About First & Early Period Undies","PAGE","/pages/first-period-underwear-for-girls","gid://shopify/Page/95692423305",""
"MOBILE (J&J)","mobile-us-can-uk","false","2","gid://shopify/MenuItem/586824122505","BUNDLES","HTTP","#","",""
"MOBILE (J&J)","mobile-us-can-uk","false","3","gid://shopify/MenuItem/586829299849","Period Starter 5-Pack","PRODUCT","/products/period-starter-bundle-5-pack","gid://shopify/Product/8462007730313",""
"MOBILE (J&J)","mobile-us-can-uk","false","3","gid://shopify/MenuItem/586829398153","The Pool Perfect Combo","PRODUCT","/products/tpp-combo","gid://shopify/Product/8462059110537",""
"MOBILE (J&J)","mobile-us-can-uk","false","3","gid://shopify/MenuItem/586916692105","The Active All Rounder","PRODUCT","/products/aar-combo","gid://shopify/Product/8463170896009",""
"MOBILE (J&J)","mobile-us-can-uk","false","3","gid://shopify/MenuItem/599744479369","The Encore Bundle","PRODUCT","/products/the-encore-bundle-2","gid://shopify/Product/8641804501129",""
"MOBILE (J&J)","mobile-us-can-uk","false","3","gid://shopify/MenuItem/586829332617","Ready for Anything (Swim)","PRODUCT","/products/the-ready-for-anything-pack-swim-edition","gid://shopify/Product/8462055899273",""
"MOBILE (J&J)","mobile-us-can-uk","false","3","gid://shopify/MenuItem/586829365385","Ready to Anything (Dance)","PRODUCT","/products/the-ready-for-anything-pack-dance-edition","gid://shopify/Product/8462051213449",""
"MOBILE (J&J)","mobile-us-can-uk","false","3","gid://shopify/MenuItem/586916724873","Shop All Bundles","COLLECTION","/collections/bundle-save","gid://shopify/Collection/302695153801",""
"MOBILE (J&J)","mobile-us-can-uk","false","2","gid://shopify/MenuItem/580501799049","OTHER HANDY STUFF","HTTP","#","",""
"MOBILE (J&J)","mobile-us-can-uk","false","3","gid://shopify/MenuItem/580501831817","Wet Pouch","PRODUCT","/products/wet-pouch","gid://shopify/Product/7849077833865",""
"MOBILE (J&J)","mobile-us-can-uk","false","2","gid://shopify/MenuItem/580502093961","SHOP ALL","COLLECTION","/collections/all","gid://shopify/Collection/284583723145",""
"MOBILE (J&J)","mobile-us-can-uk","false","1","gid://shopify/MenuItem/580502126729","HELP DESK","HTTP","#","",""
"MOBILE (J&J)","mobile-us-can-uk","false","2","gid://shopify/MenuItem/580502159497","FAQs","PAGE","/pages/faq","gid://shopify/Page/111201812617",""
"MOBILE (J&J)","mobile-us-can-uk","false","2","gid://shopify/MenuItem/580502192265","Size Chart & Measuring Tips","PAGE","/pages/size-chart","gid://shopify/Page/79389917321",""
"MOBILE (J&J)","mobile-us-can-uk","false","2","gid://shopify/MenuItem/580502225033","How to Wear & Care","PAGE","/pages/period-proof-care-info","gid://shopify/Page/98268676233",""
"MOBILE (J&J)","mobile-us-can-uk","false","2","gid://shopify/MenuItem/580502257801","Tips for a Secure, Leak-Free Wear","PAGE","/pages/tips-to-ensure-a-leak-free-wear","gid://shopify/Page/103892517001",""
"MOBILE (J&J)","mobile-us-can-uk","false","2","gid://shopify/MenuItem/598752755849","Returns","PAGE","/pages/returns-es","gid://shopify/Page/118209151113",""
"MOBILE (J&J)","mobile-us-can-uk","false","1","gid://shopify/MenuItem/580502290569","PROOF & PROMISES","HTTP","#","",""
"MOBILE (J&J)","mobile-us-can-uk","false","2","gid://shopify/MenuItem/580502323337","Product Demo Videos","PAGE","/pages/period-undies-demo-videos","gid://shopify/Page/95411503241",""
"MOBILE (J&J)","mobile-us-can-uk","false","2","gid://shopify/MenuItem/580502356105","Reviews","PAGE","/pages/reviews","gid://shopify/Page/85165670537",""
"MOBILE (J&J)","mobile-us-can-uk","false","2","gid://shopify/MenuItem/580502388873","Our Pricing Promise","PAGE","/pages/our-pricing-promise-eltee-sydney","gid://shopify/Page/103284277385",""
"MOBILE (J&J)","mobile-us-can-uk","false","1","gid://shopify/MenuItem/580502421641","CONTACT US","PAGE","/pages/contact-us","gid://shopify/Page/79392374921",""
"MOBILE (J&J)","mobile-us-can-uk","false","2","gid://shopify/MenuItem/580502454409","Get in Touch","PAGE","/pages/contact-us","gid://shopify/Page/79392374921",""
"MOBILE (J&J)","mobile-us-can-uk","false","2","gid://shopify/MenuItem/580502487177","Erina Store","PAGE","/pages/erina-store","gid://shopify/Page/116916256905",""
"MOBILE (J&J)","mobile-us-can-uk","false","2","gid://shopify/MenuItem/580502519945","Stockists","PAGE","/pages/store-locator","gid://shopify/Page/115717144713",""
"Blog","blog","false","1","gid://shopify/MenuItem/587571462281","Blog Home","BLOG","/blogs/period-info-guides","gid://shopify/Blog/24754421826",""
"Blog","blog","false","2","gid://shopify/MenuItem/587571495049","TONIGHT: Australia v Iran: Playing for a Country at War","ARTICLE","/blogs/period-info-guides/ausviran","gid://shopify/Article/564531855497",""
"Blog","blog","false","2","gid://shopify/MenuItem/587571527817","Leotards, First Periods & The Awkward In-Between","ARTICLE","/blogs/period-info-guides/leotards-first-periods-the-awkward-in-between","gid://shopify/Article/563618480265",""
"Blog","blog","false","2","gid://shopify/MenuItem/587571560585","Want to Raise a Leader? Keep Her in Sport","ARTICLE","/blogs/period-info-guides/sport-girls-leadership","gid://shopify/Article/563031113865",""
"Blog","blog","false","2","gid://shopify/MenuItem/587571593353","Period Positivity for Dads With Daughters","ARTICLE","/blogs/period-info-guides/period-positivity-for-dads","gid://shopify/Article/562824446089",""
"Blog","blog","false","2","gid://shopify/MenuItem/587571626121","You Want Scary? Try Centuries of Period Stigma.","ARTICLE","/blogs/period-info-guides/halloween-stigma-real-horror","gid://shopify/Article/563833012361",""
"Blog","blog","false","2","gid://shopify/MenuItem/587571658889","Sport Uniforms and Periods","ARTICLE","/blogs/period-info-guides/sport-uniforms-and-periods","gid://shopify/Article/563810074761",""
"Blog","blog","false","2","gid://shopify/MenuItem/587571691657","Before the Podiums, There Were the Parents","ARTICLE","/blogs/period-info-guides/before-the-podiums","gid://shopify/Article/564432011401",""
"NEW MENU AUS","new-menu-aus","false","1","gid://shopify/MenuItem/608779272329","SHOP","HTTP","#","",""
"NEW MENU AUS","new-menu-aus","false","2","gid://shopify/MenuItem/608779305097","SWIM","HTTP","https://elteesydney.com.au/collections/girls-period-swimwear","",""
"NEW MENU AUS","new-menu-aus","false","3","gid://shopify/MenuItem/608779337865","UnderSwim OG","PRODUCT","/products/period-swim-undies","gid://shopify/Product/7087978381449",""
"NEW MENU AUS","new-menu-aus","false","3","gid://shopify/MenuItem/608779370633","UnderSwim GFit","PRODUCT","/products/g-fit-underswim-period-swim-underwear","gid://shopify/Product/8004465393801",""
"NEW MENU AUS","new-menu-aus","false","3","gid://shopify/MenuItem/608779403401","Swim Bikini Bottoms","PRODUCT","/products/period-swimwear-bottoms-for-teens","gid://shopify/Product/7942146162825",""
"NEW MENU AUS","new-menu-aus","false","3","gid://shopify/MenuItem/608779436169","SwimSync Pro One-Piece","PRODUCT","/products/swimsync-period-one-piece-swimsuit","gid://shopify/Product/8318788468873",""
"NEW MENU AUS","new-menu-aus","false","3","gid://shopify/MenuItem/608779468937","Why the Best Teen Period Swim?","COLLECTION","/collections/girls-period-swimwear","gid://shopify/Collection/283440447625",""
"NEW MENU AUS","new-menu-aus","false","2","gid://shopify/MenuItem/608779501705","ACTIVE","HTTP","#","",""
"NEW MENU AUS","new-menu-aus","false","3","gid://shopify/MenuItem/608779534473","UnderAustin Sport Undershorts","PRODUCT","/products/underaustin","gid://shopify/Product/8390218612873",""
"NEW MENU AUS","new-menu-aus","false","3","gid://shopify/MenuItem/608779567241","UnderDance High-Cut Active","PRODUCT","/products/period-dance-gym","gid://shopify/Product/7811751936137",""
"NEW MENU AUS","new-menu-aus","false","2","gid://shopify/MenuItem/608779600009","EVERYDAY","PAGE","/pages/first-period-underwear-for-girls","gid://shopify/Page/95692423305",""
"NEW MENU AUS","new-menu-aus","false","3","gid://shopify/MenuItem/608779632777","Bumpers Starter Briefs","PRODUCT","/products/period-underwear-girls","gid://shopify/Product/7521371095177",""
"NEW MENU AUS","new-menu-aus","false","3","gid://shopify/MenuItem/608779665545","UnderShortie Sleep Shorts","PRODUCT","/products/period-boyshort-undies","gid://shopify/Product/7843771285641",""
"NEW MENU AUS","new-menu-aus","false","3","gid://shopify/MenuItem/608779698313","UnderLiner Ultra-Thin Liner","PRODUCT","/products/underliner-girls-leak-proof","gid://shopify/Product/8103196131465",""
"NEW MENU AUS","new-menu-aus","false","3","gid://shopify/MenuItem/608779731081","Why the Best First Period Underwear?","PAGE","/pages/first-period-underwear-for-girls","gid://shopify/Page/95692423305",""
"NEW MENU AUS","new-menu-aus","false","2","gid://shopify/MenuItem/608779763849","OTHER HANDY STUFF","HTTP","#","",""
"NEW MENU AUS","new-menu-aus","false","3","gid://shopify/MenuItem/608779796617","Wet Pouch","PRODUCT","/products/wet-pouch","gid://shopify/Product/7849077833865",""
"NEW MENU AUS","new-menu-aus","false","3","gid://shopify/MenuItem/608779829385","Stain Slayer Wipes","PRODUCT","/products/stain-slayer-single-use-wipe","gid://shopify/Product/8162437955721",""
"NEW MENU AUS","new-menu-aus","false","2","gid://shopify/MenuItem/608779862153","BUNDLE & SAVE","COLLECTION","/collections/bundle-save","gid://shopify/Collection/302695153801",""
"NEW MENU AUS","new-menu-aus","false","1","gid://shopify/MenuItem/608872464521","INFO","HTTP","#","",""
"NEW MENU AUS","new-menu-aus","false","2","gid://shopify/MenuItem/608872497289","FAQs","PAGE","/pages/faq","gid://shopify/Page/111201812617",""
"NEW MENU AUS","new-menu-aus","false","2","gid://shopify/MenuItem/608872530057","HOW TO WEAR","HTTP","#","",""
"NEW MENU AUS","new-menu-aus","false","3","gid://shopify/MenuItem/608872562825","Size & Fit","PAGE","/pages/size-chart","gid://shopify/Page/79389917321",""
"NEW MENU AUS","new-menu-aus","false","3","gid://shopify/MenuItem/608872595593","Wear & Care","PAGE","/pages/period-proof-care-info","gid://shopify/Page/98268676233",""
"NEW MENU AUS","new-menu-aus","false","3","gid://shopify/MenuItem/608872628361","Leak-Free Tips","PAGE","/pages/tips-to-ensure-a-leak-free-wear","gid://shopify/Page/103892517001",""
"NEW MENU AUS","new-menu-aus","false","2","gid://shopify/MenuItem/608872661129","RETURNS","PAGE","/pages/returns-exchanges","gid://shopify/Page/96572145801",""
"NEW MENU AUS","new-menu-aus","false","2","gid://shopify/MenuItem/608872693897","PROOF","HTTP","#","",""
"NEW MENU AUS","new-menu-aus","false","3","gid://shopify/MenuItem/608872726665","Demo Videos","PAGE","/pages/period-undies-demo-videos","gid://shopify/Page/95411503241",""
"NEW MENU AUS","new-menu-aus","false","3","gid://shopify/MenuItem/608872759433","Reviews","PAGE","/pages/reviews","gid://shopify/Page/85165670537",""
"NEW MENU AUS","new-menu-aus","false","2","gid://shopify/MenuItem/608873382025","ABOUT ELTEE SYDNEY","HTTP","#","",""
"NEW MENU AUS","new-menu-aus","false","3","gid://shopify/MenuItem/608873414793","Our Mission","PAGE","/pages/mission","gid://shopify/Page/92793077897",""
"NEW MENU AUS","new-menu-aus","false","3","gid://shopify/MenuItem/608873447561","Erina Store","PAGE","/pages/erina-store","gid://shopify/Page/116916256905",""
"NEW MENU AUS","new-menu-aus","false","3","gid://shopify/MenuItem/608873480329","Stockists","PAGE","/pages/store-locator","gid://shopify/Page/115717144713",""
"NEW MENU AUS","new-menu-aus","false","2","gid://shopify/MenuItem/608873513097","CONTACT US","PAGE","/pages/contact-us","gid://shopify/Page/79392374921",""
