id,path,target
"gid://shopify/UrlRedirect/251520188553","/afterpay","/shipping-returns-faqs"
"gid://shopify/UrlRedirect/251520286857","/get-in-touch","/contact-us"
"gid://shopify/UrlRedirect/251706146953","/products/blitz-it-shorts-graphite","/products/graphite-shorts"
"gid://shopify/UrlRedirect/251725545609","/collections/accessories","/collections/girls-accessories"
"gid://shopify/UrlRedirect/253956259977","/collections/crops-tops","/collections/girls-sport-crop-tops"
"gid://shopify/UrlRedirect/253956325513","/collections/leggings","/collections/girls-sports-leggings"
"gid://shopify/UrlRedirect/254103945353","/collections/shorts","/collections/girls-sport-shorts"
"gid://shopify/UrlRedirect/254103978121","/collections/girls-sport-shorts","/collections/girls-sports-shorts"
"gid://shopify/UrlRedirect/254107123849","/collections/leotards","/"
"gid://shopify/UrlRedirect/254107189385","/products/t-shirt?variant=15661211779138","/"
"gid://shopify/UrlRedirect/254136287369","/product/set-me-up-isosceles-dreams-crop-shorties-bundle","/"
"gid://shopify/UrlRedirect/254136320137","/product-category/collections/classique","/"
"gid://shopify/UrlRedirect/254136352905","/product/set-me-up-balzing-arrow-print-bundle","/"
"gid://shopify/UrlRedirect/254136385673","/product-category/collections/isosceles-dreams","/"
"gid://shopify/UrlRedirect/254136418441","/product-category/collections/blazing-arrow","/"
"gid://shopify/UrlRedirect/254136451209","/product/hi-po-cap","/"
"gid://shopify/UrlRedirect/254136483977","/product/isosceles-dreams-shorts","/"
"gid://shopify/UrlRedirect/254136516745","/shop-classique","/"
"gid://shopify/UrlRedirect/254136549513","/product/set-me-up-classique-bundle","/"
"gid://shopify/UrlRedirect/254136582281","/sets","/collections/girls-activewear-sets"
"gid://shopify/UrlRedirect/254136615049","/product/csws-tie-up-tank","/"
"gid://shopify/UrlRedirect/254136647817","/product-category/crop-tops","/"
"gid://shopify/UrlRedirect/254136680585","/shop-id","/"
"gid://shopify/UrlRedirect/254136746121","/product-category/collections/bombora","/"
"gid://shopify/UrlRedirect/254136778889","/skylah-hamill","/"
"gid://shopify/UrlRedirect/254136811657","/product/mackerel-sky-shorts","/"
"gid://shopify/UrlRedirect/254140088457","/pages/about-us","/"
"gid://shopify/UrlRedirect/254178623625","/cms/wp-admin","/"
"gid://shopify/UrlRedirect/254178656393","/size-guide-2","/"
"gid://shopify/UrlRedirect/254178689161","/collection/splatterpuss","/"
"gid://shopify/UrlRedirect/254179901577","/products/girls-sports-crop-top-splatterpuss","/products/girls-sports-crop-top-camo"
"gid://shopify/UrlRedirect/254179934345","/products/active-girls-leggings-splatterpuss","/products/active-girls-leggings-camo"
"gid://shopify/UrlRedirect/254179967113","/products/girls-sports-shorts-splatterpuss","/products/girls-sports-shorts-camo"
"gid://shopify/UrlRedirect/254179999881","/collections/splatterpuss","/collections/camo"
"gid://shopify/UrlRedirect/254180688009","/collections/splatterpuss/products/girls-sports-crop-top-splatterpuss","/"
"gid://shopify/UrlRedirect/254180753545","/product/buy-the-set-and-save-blazing-arrow-graphite-bundle","/"
"gid://shopify/UrlRedirect/254563352713","/discount/i-heart-hoodies?redirect=%2fproducts%2fgirls-hoodie-jumper","/"
"gid://shopify/UrlRedirect/254563385481","?utm_campaign=newsletter-custom-288e3063f6c04ec08fe0d04cf4e36a01&utm_medium=email&utm_source=seguno","/"
"gid://shopify/UrlRedirect/254576885897","/collections/camo/products/girls-sports-shorts-zanzi","/"
"gid://shopify/UrlRedirect/255054086281","/shop-sale","/"
"gid://shopify/UrlRedirect/255054119049","/shop-eq","/"
"gid://shopify/UrlRedirect/255054151817","/shop-leggings","/"
"gid://shopify/UrlRedirect/255054184585","/products/pp-shorts","/"
"gid://shopify/UrlRedirect/255054217353","/product-category/collections/patchy-patchy","/"
"gid://shopify/UrlRedirect/255054250121","/girls-play-sports-win-wellbeing","/"
"gid://shopify/UrlRedirect/255054282889","/product-category/leotards","/"
"gid://shopify/UrlRedirect/255054446729","/products/girls-active-crop-chill","/"
"gid://shopify/UrlRedirect/255054479497","/product/hi-po-glitter-cap-blush","/"
"gid://shopify/UrlRedirect/255054545033","/eq-collection","/"
"gid://shopify/UrlRedirect/255054676105","/products/girls-tracksuit-set","/"
"gid://shopify/UrlRedirect/255054807177","/my-account","/"
"gid://shopify/UrlRedirect/255054938249","/product/lavaband","/"
"gid://shopify/UrlRedirect/255054971017","/product/dont-sweat-it-leotard","/"
"gid://shopify/UrlRedirect/255055003785","/4-ways-workout-covid-19","/"
"gid://shopify/UrlRedirect/255055036553","/collection/zanzi","/"
"gid://shopify/UrlRedirect/255055069321","/store-products-sitemap.xml","/"
"gid://shopify/UrlRedirect/255055134857","/ad","/"
"gid://shopify/UrlRedirect/255055200393","/product/blitz-it-leggings","/"
"gid://shopify/UrlRedirect/255055233161","/pages","/"
"gid://shopify/UrlRedirect/255055265929","/product/full-swing-shorts","/"
"gid://shopify/UrlRedirect/255055298697","/collections/crop","/collections/girls-sport-crop-tops"
"gid://shopify/UrlRedirect/255055331465","/product/kaladi-crop-top","/"
"gid://shopify/UrlRedirect/255055364233","/shop-bombora","/"
"gid://shopify/UrlRedirect/255055429769","/orders","/"
"gid://shopify/UrlRedirect/255055462537","/challenge","/"
"gid://shopify/UrlRedirect/255055495305","/shop/checkout","/"
"gid://shopify/UrlRedirect/255055528073","/products/active-girls-leggings-camo","/"
"gid://shopify/UrlRedirect/255055560841","/products/girls-hoodie-jumper%f0%9f%9b%8d","/"
"gid://shopify/UrlRedirect/255055593609","/products/own-the-ropes-crop-tops","/"
"gid://shopify/UrlRedirect/255055691913","/1627619801","/"
"gid://shopify/UrlRedirect/255055757449","/product/fnf-tank","/"
"gid://shopify/UrlRedirect/255055790217","/collections/splatterpuss/splatterpuss","/collections/camo"
"gid://shopify/UrlRedirect/255055822985","/collections/splatterpuss/products/girls-sports-shorts-splatterpuss","/collections/camo"
"gid://shopify/UrlRedirect/261671256201","/products/girls-breeze-tank-top-dusty-pink","/products/girls-breeze-tank-top"
"gid://shopify/UrlRedirect/262455853193","/collections/shop-cherry-leopard","/collections/cherry-leopard-girls-activewear-set"
"gid://shopify/UrlRedirect/262455918729","/collections/zanzi","/collections/zanzi-girls-activewear-set"
"gid://shopify/UrlRedirect/262456017033","/collections/performance-black","/collections/performance-black-girls-activewear-set"
"gid://shopify/UrlRedirect/262456049801","/collections/paisley","/collections/paisley-girls-activewear-set"
"gid://shopify/UrlRedirect/262456148105","/collections/joie-print","/collections/joie-girls-activewear-set"
"gid://shopify/UrlRedirect/262652264585","/products/ponytail-cap-blush","/collections/ponytail-caps"
"gid://shopify/UrlRedirect/262652297353","/collections/girls-accessories/products/ponytail-cap-chrome","/collections/ponytail-caps"
"gid://shopify/UrlRedirect/262799392905","/products/lava-tribe-girls-activewear-gift-card","/"
"gid://shopify/UrlRedirect/262799425673","/product/girls-hoodie-jumper","/"
"gid://shopify/UrlRedirect/262799458441","/shop-accessories","/"
"gid://shopify/UrlRedirect/262799491209","/product/girls-fleece-track-pants","/collections/girls-tracksuits"
"gid://shopify/UrlRedirect/262811713673","/cart__trashed","/"
"gid://shopify/UrlRedirect/262811746441","/collections/girls-tracksuits/products/z2lybhmtag","/"
"gid://shopify/UrlRedirect/262811779209","/collections/z2lybhmtc3","/"
"gid://shopify/UrlRedirect/262811811977","/collections/cgvyzm9ybw","/"
"gid://shopify/UrlRedirect/262856212617","/products/ywn0axzllw","/"
"gid://shopify/UrlRedirect/262861291657","/collections/ponytail-caps","/"
"gid://shopify/UrlRedirect/262861357193","/girls-activewear","/collections/kids-activewear"
"gid://shopify/UrlRedirect/262881247369","/collections/collections","/collections/girls-activewear-sets"
"gid://shopify/UrlRedirect/262918602889","/collections/zanzi-girls-activewear-set","/"
"gid://shopify/UrlRedirect/262918635657","/products/yi1mcmvzac","/"
"gid://shopify/UrlRedirect/263765033097","/collections/mackerel-sky","/"
"gid://shopify/UrlRedirect/263765065865","/collections/patchy-patchy","/"
"gid://shopify/UrlRedirect/263765098633","/blogs/tribe-vibes/z2lybhmty3","/"
"gid://shopify/UrlRedirect/263765131401","/collections/z2lybhmtdh","/"
"gid://shopify/UrlRedirect/263765164169","/collections/c2hvcc1jag","/"
"gid://shopify/UrlRedirect/263765196937","/cms","/"
"gid://shopify/UrlRedirect/263765229705","/collections/y2hlcnj5lw","/"
"gid://shopify/UrlRedirect/263765262473","/pages/c2hpchbpbm","/"
"gid://shopify/UrlRedirect/263765295241","/product/mackerel-sky-girls-crop","/"
"gid://shopify/UrlRedirect/263765328009","/aad","/"
"gid://shopify/UrlRedirect/263765360777","/collections/girls-accessories","/"
"gid://shopify/UrlRedirect/263765426313","/products/fierce-not-fancy-tie-up-sports-top","/"
"gid://shopify/UrlRedirect/266238918793","/collections/heyday-set/products/z2lybhmtc3","/"
"gid://shopify/UrlRedirect/266238951561","/collections/am9pzs1nax","/"
"gid://shopify/UrlRedirect/266238984329","/collections/z2lybhmtzx","/"
"gid://shopify/UrlRedirect/266239017097","/collections/heyday-set/products/z2lybhmtzn","/"
"gid://shopify/UrlRedirect/266239049865","/shop-blazing-arrow","/"
"gid://shopify/UrlRedirect/266239082633","/collections/shop-offer%22","/collections/shop-offer"
"gid://shopify/UrlRedirect/266239115401","/products/z2lybhmtym","/"
"gid://shopify/UrlRedirect/266239148169","/products/z2lybhmtc3","/"
"gid://shopify/UrlRedirect/266239213705","/products/z2lybhmtcg","/"
"gid://shopify/UrlRedirect/266936385673","/products/seamless-girls-period-hi-cut-briefs","/products/seamless-girls-period-hi-cut-bikini"
"gid://shopify/UrlRedirect/267283431561","/collections/girls-sports-leggings/products/active-girls-leggings-camo","/"
"gid://shopify/UrlRedirect/267283464329","/collections/z3jvd2luzy","/"
"gid://shopify/UrlRedirect/267283497097","/collections/mantra-tanks","/"
"gid://shopify/UrlRedirect/267283529865","/collections/c2fszs1hbg","/"
"gid://shopify/UrlRedirect/267553013897","/blogs/tribe-vibes/10-ways-to-attack-a-school-holiday-screen-slump","/blogs/tribe-vibes/school-holiday-activities-adults-enjoy"
"gid://shopify/UrlRedirect/267590500489","/blogs/tribe-vibes/c2nob29slw","/"
"gid://shopify/UrlRedirect/267590533257","/collections/z2lybhmtyw","/"
"gid://shopify/UrlRedirect/267590566025","/products/venice-beach-tracksuit-pants","/"
"gid://shopify/UrlRedirect/268034900105","/pages/cg9ky2fzdc","/"
"gid://shopify/UrlRedirect/268034932873","/kids-activewear","/"
"gid://shopify/UrlRedirect/268034965641","/products/venice-beach-soft-hoodie","/"
"gid://shopify/UrlRedirect/268034998409","/collections/shop-accessories/products/z2lybhmtc3","/"
"gid://shopify/UrlRedirect/268035031177","/product/bombora-girls-active-cami-crop-chill","/"
"gid://shopify/UrlRedirect/268035063945","/products/venice-beach-girls-tracksuit-pants-blush-pink","/"
"gid://shopify/UrlRedirect/268162138249","/collections/kids-activewear","/collections/girls-sportswear"
"gid://shopify/UrlRedirect/268179210377","/collections/girls-sportswear-sets","/collections/girls-activewear-sets"
"gid://shopify/UrlRedirect/268554272905","/products/breeze-tank-soft-khaki","/products/sports-tank-top-khaki"
"gid://shopify/UrlRedirect/268554305673","/products/girls-breeze-tank-top","/products/sports-tank-top-pink"
"gid://shopify/UrlRedirect/268559581321","/products/ponytail-cap-chrome","/"
"gid://shopify/UrlRedirect/268559614089","/products/venice-beach-girls-hoodie-jumper-blush-pink","/"
"gid://shopify/UrlRedirect/268559646857","/products/d2vsy29tzs","/"
"gid://shopify/UrlRedirect/268559679625","/products/awtvlwnhbg","/"
"gid://shopify/UrlRedirect/268559712393","/products/z3jhy2utb2","/"
"gid://shopify/UrlRedirect/268559745161","/products/z2lybhmtzm","/"
"gid://shopify/UrlRedirect/268559777929","/products/z2lybhmtag","/"
"gid://shopify/UrlRedirect/268559810697","/products/pick-me-up-cards","/"
"gid://shopify/UrlRedirect/268559843465","/product/fierce-not-fancy-tie-up-sports-top","/"
"gid://shopify/UrlRedirect/268559876233","/products/ponytail-cap-chill","/"
"gid://shopify/UrlRedirect/269023805577","/collections/shop-accessories","/collections/shop-sporty-girl-gifts"
"gid://shopify/UrlRedirect/269053558921","/collections/gift-vouchers","/"
"gid://shopify/UrlRedirect/269053689993","/products/girls-skincare-travel-pack","/"
"gid://shopify/UrlRedirect/269053722761","/privacy-policy","/"
"gid://shopify/UrlRedirect/269053755529","/cms/wp-content/uploads/2018/10/leotard-back-800x1200.jpg","/"
"gid://shopify/UrlRedirect/269053788297","/cms/wp-content/uploads/2019/08/lt_fullswing_callati-2160-1-800x1200.jpg","/"
"gid://shopify/UrlRedirect/269053821065","/cms/wp-content/uploads/2019/02/leotard-side.jpg","/"
"gid://shopify/UrlRedirect/269053886601","/products/active-girls-shorts-powerplum","/"
"gid://shopify/UrlRedirect/269053919369","/pages/3voucherscomp","/"
"gid://shopify/UrlRedirect/269053952137","/pages/3xvoucherscomp","/"
"gid://shopify/UrlRedirect/269053984905","/competition","/"
"gid://shopify/UrlRedirect/269054017673","/compeition","/"
"gid://shopify/UrlRedirect/269054115977","/product/girls-skincare-travel-pack","/"
"gid://shopify/UrlRedirect/269054148745","/products/cgvyaw9klx","/"
"gid://shopify/UrlRedirect/269054181513","/collections/ywxslwdpcm","/"
"gid://shopify/UrlRedirect/269413679241","/products/grace-back-on-the-court-by-nsw-swifts-maddy-proud","/products/maddy-proud-netball-book"
"gid://shopify/UrlRedirect/269593772169","/collections/sporty-girls-books","/collections/sporty-girl-books"
"gid://shopify/UrlRedirect/272119988361","/blogs/tribe-vibes/survey-periods-and-the-impact-on-girls-participation-in-sport","/blogs/tribe-vibes/survey-periods-impact-sport"
"gid://shopify/UrlRedirect/272165601417","/.../products/girls-sport-socks","/products/girls-sport-socks"
"gid://shopify/UrlRedirect/272165666953","/collections/ponytail-caps/products/cg9uexrhaw","/products/ponytail-cap-gold"
"gid://shopify/UrlRedirect/272248045705","/collections/growing-up-stuff","/collections/girls-sports-essentials"
"gid://shopify/UrlRedirect/272589619337","/products/girls-first-period-kit-with-case","/products/girls-first-period-pouch-kit"
"gid://shopify/UrlRedirect/272589947017","/products/her-first-period-kit","/products/girls-first-period-pouch-kit"
"gid://shopify/UrlRedirect/274271043721","/collections/girls-feminine-hygiene","/collections/girls-period-products"
"gid://shopify/UrlRedirect/274504941705","/products/pb-sports-crop-top","/products/pbv2-sports-crop-top"
"gid://shopify/UrlRedirect/274628935817","/collections/performance-black-girls-activewear-set","/collections/pbv2-activewear-set"
"gid://shopify/UrlRedirect/275856818313","/pages/girls-activewear-sets-1","/"
"gid://shopify/UrlRedirect/275856851081","/comments","/"
"gid://shopify/UrlRedirect/275928645769","/collections/girls-sports-essentials","/collections/period-products"
"gid://shopify/UrlRedirect/275957285001","/pages/3-vouchers-comp","/"
"gid://shopify/UrlRedirect/275957317769","/wp-admin","/"
"gid://shopify/UrlRedirect/275957350537","/products/own-the-ropes-crop-top-isosceles-dreams","/"
"gid://shopify/UrlRedirect/275957416073","/products/girls-leggings-blue-chill","/"
"gid://shopify/UrlRedirect/275957448841","/products/csws-tie-up-tank","/"
"gid://shopify/UrlRedirect/275957481609","/products/no-holds-tank-aqua","/"
"gid://shopify/UrlRedirect/275957514377","/products/girls-crop-powerplum","/"
"gid://shopify/UrlRedirect/275957547145","/products/clean-sweep-girls-active-tee-blossom","/"
"gid://shopify/UrlRedirect/275957579913","/products/pp-leggings","/"
"gid://shopify/UrlRedirect/275957612681","/products/girls-sports-crop-top-camo","/"
"gid://shopify/UrlRedirect/275957645449","/products/mackerel-sky-girls-crop","/"
"gid://shopify/UrlRedirect/275957678217","/products/graphite-leggings","/"
"gid://shopify/UrlRedirect/275957710985","/products/girls-performance-black-leggings","/"
"gid://shopify/UrlRedirect/275957743753","/products/mackerel-sky-leggings","/"
"gid://shopify/UrlRedirect/275957776521","/products/active-girls-shorts-chill","/"
"gid://shopify/UrlRedirect/275957809289","/products/graphite-shorts","/"
"gid://shopify/UrlRedirect/275957842057","/products/pp-crop","/"
"gid://shopify/UrlRedirect/275957874825","/products/girls-black-shorts","/products/period-shortie-briefs"
"gid://shopify/UrlRedirect/275957940361","/products/eq-leggings","/"
"gid://shopify/UrlRedirect/275957973129","/products/lava-tie-up-sports-top","/"
"gid://shopify/UrlRedirect/275958005897","/products/girls-fleece-track-pants","/"
"gid://shopify/UrlRedirect/275958038665","/products/blitz-it-shorts-arrow-print","/"
"gid://shopify/UrlRedirect/275958071433","/products/isosceles-dreams-shorts","/"
"gid://shopify/UrlRedirect/275958104201","/products/clean-sweep-tee-aqua","/"
"gid://shopify/UrlRedirect/275958136969","/products/girls-sports-shorts-camo","/"
"gid://shopify/UrlRedirect/275958169737","/products/active-girls-sports-shorts-zanzi","/"
"gid://shopify/UrlRedirect/275958202505","/collections/gift-ideas/products/lava-tribe-girls-activewear-gift-card","/"
"gid://shopify/UrlRedirect/275958235273","/tribe-vibes-blog","/"
"gid://shopify/UrlRedirect/275971473545","/products/mackerel-sky-shorts","/"
"gid://shopify/UrlRedirect/276209467529","/collections/vendors","/"
"gid://shopify/UrlRedirect/276342472841","/collections/camo/camo","/"
"gid://shopify/UrlRedirect/276359086217","/products/c3bvcnrzlx","/"
"gid://shopify/UrlRedirect/276359118985","/products/c2vhbwxlc3","/"
"gid://shopify/UrlRedirect/276359151753","/products/z2lybhmtzn","/"
"gid://shopify/UrlRedirect/276484391049","/pages/eltee-wholesale-partners","/"
"gid://shopify/UrlRedirect/276507132041","/wholesale","/"
"gid://shopify/UrlRedirect/276510343305","/pagess/reviews","/"
"gid://shopify/UrlRedirect/276593934473","/collections/girls-sports-shorts/products/girls-sports-shorts-camo","/"
"gid://shopify/UrlRedirect/276697677961","/ethical-sourcing","/"
"gid://shopify/UrlRedirect/276706295945","/blogs/tribe-vibes","/blogs/the-tee"
"gid://shopify/UrlRedirect/276706328713","/blogs/tribe-vibes/the-gloves-are-on","/blogs/the-tee/the-gloves-are-on"
"gid://shopify/UrlRedirect/276706361481","/blogs/tribe-vibes/research-results-breaking-the-barriers-menstruation-and-sports-participation-among-tween-and-teen-girls","/blogs/the-tee/research-results-breaking-the-barriers-menstruation-and-sports-participation-among-tween-and-teen-girls"
"gid://shopify/UrlRedirect/276706394249","/blogs/tribe-vibes/survey-periods-impact-sport","/blogs/the-tee/survey-periods-impact-sport"
"gid://shopify/UrlRedirect/276706427017","/blogs/tribe-vibes/support-sporty-girls-adolescence","/blogs/the-tee/support-sporty-girls-adolescence"
"gid://shopify/UrlRedirect/276706459785","/blogs/tribe-vibes/school-holiday-activities-adults-enjoy","/blogs/the-tee/school-holiday-activities-adults-enjoy"
"gid://shopify/UrlRedirect/276706492553","/blogs/tribe-vibes/6-simple-skincare-steps-for-sporty-girls","/blogs/the-tee/6-simple-skincare-steps-for-sporty-girls"
"gid://shopify/UrlRedirect/276706525321","/blogs/tribe-vibes/girls-gym-ready","/blogs/the-tee/girls-gym-ready"
"gid://shopify/UrlRedirect/276706558089","/blogs/tribe-vibes/active-life-active-mind-how-sports-and-fitness-help-kids-stay-on-track-at-school","/blogs/the-tee/active-life-active-mind-how-sports-and-fitness-help-kids-stay-on-track-at-school"
"gid://shopify/UrlRedirect/276706590857","/blogs/tribe-vibes/girls-crop-tops-when-how-and-how","/blogs/the-tee/girls-crop-tops-when-how-and-how"
"gid://shopify/UrlRedirect/276706623625","/blogs/tribe-vibes/why-girls-who-play-sport-win-at-wellbeing","/blogs/the-tee/why-girls-who-play-sport-win-at-wellbeing"
"gid://shopify/UrlRedirect/276706689161","/blogs/tribe-vibes/doing-the-best-i-can","/blogs/the-tee/doing-the-best-i-can"
"gid://shopify/UrlRedirect/276706721929","/blogs/tribe-vibes/skin-changes-in-pre-teens","/blogs/the-tee/skin-changes-in-pre-teens"
"gid://shopify/UrlRedirect/276706754697","/blogs/tribe-vibes/six-trailblazing-women-in-australian-sport","/blogs/the-tee/six-trailblazing-women-in-australian-sport"
"gid://shopify/UrlRedirect/276706787465","/blogs/tribe-vibes/lava-tribe-2021-best-fairest-award","/blogs/the-tee/lava-tribe-2021-best-fairest-award"
"gid://shopify/UrlRedirect/276706820233","/blogs/tribe-vibes/there-s-nothing-taboo-about-menstruation-period","/blogs/the-tee/there-s-nothing-taboo-about-menstruation-period"
"gid://shopify/UrlRedirect/276706853001","/blogs/tribe-vibes/mia-freedman-lava-tribe-product-review","/blogs/the-tee/mia-freedman-lava-tribe-product-review"
"gid://shopify/UrlRedirect/276706885769","/blogs/tribe-vibes/8-celebrity-who-rock-their-sporty-style","/blogs/the-tee/8-celebrity-who-rock-their-sporty-style"
"gid://shopify/UrlRedirect/276706918537","/blogs/tribe-vibes/sport-doesnt-like-it","/blogs/the-tee/sport-doesnt-like-it"
"gid://shopify/UrlRedirect/276706951305","/blogs/tribe-vibes/spotlight-on-isla-14-gymnastics-qld","/blogs/the-tee/spotlight-on-isla-14-gymnastics-qld"
"gid://shopify/UrlRedirect/276716880009","/family-movement-sessions","/"
"gid://shopify/UrlRedirect/276720615561","/collections/paisley-girls-activewear-set","/collections/ko-activewear-set"
"gid://shopify/UrlRedirect/276764754057","/instagram.com/eltee.sydney","/"
"gid://shopify/UrlRedirect/276770488457","/account/unsubscribe","/"
"gid://shopify/UrlRedirect/276775075977","/blogs/the-tee/lavatribe.com.au/collections/crops-tops","/"
"gid://shopify/UrlRedirect/276821835913","/products/girls-black-crop-top","/"
"gid://shopify/UrlRedirect/276896383113","/products_preview","/"
"gid://shopify/UrlRedirect/276971913353","/collections/girls-period-swim-1","/collections/girls-performance-swim"
"gid://shopify/UrlRedirect/277035253897","/products/span-data-mce-fragment-1-%f0%9f%92%a5-span-strong-data-mce-fragment-1-special-offer-strong-span-data-mce-fragment-1-%f0%9f%92%a5-span-swimsync-pro-bundle","/"
"gid://shopify/UrlRedirect/277098758281","/products/period-swimwear-one-piece","/"
"gid://shopify/UrlRedirect/277100200073","/collections/end-season","/"
"gid://shopify/UrlRedirect/277113700489","/blogs/the-tee/cmvzzwfyy2","/"
"gid://shopify/UrlRedirect/277129461897","/collections/period-products","/"
"gid://shopify/UrlRedirect/277160231049","/collections/promotions","/"
"gid://shopify/UrlRedirect/277199814793","/products/ss-pro-bundle","/"
"gid://shopify/UrlRedirect/277205057673","/2019/10","/"
"gid://shopify/UrlRedirect/277206171785","/six-trailblazing-women-in-australian-sport","/"
"gid://shopify/UrlRedirect/277206204553","/collections/tops/products/lava-tie-up-sports-top","/"
"gid://shopify/UrlRedirect/277206466697","/product/blitz-it-leggings-arrow-print","/"
"gid://shopify/UrlRedirect/277221638281","/2019/12","/"
"gid://shopify/UrlRedirect/277264629897","/author/sarah-greenaway","/"
"gid://shopify/UrlRedirect/277264695433","/products/celebration-of-sport-photo-shoot-package","/"
"gid://shopify/UrlRedirect/277333475465","/2020/04","/"
"gid://shopify/UrlRedirect/277333508233","/collections/collections-patchy-patchy","/"
"gid://shopify/UrlRedirect/277339865225","/2019/08","/"
"gid://shopify/UrlRedirect/277345108105","/product/pp-leggings","/"
"gid://shopify/UrlRedirect/277347401865","/2019/11","/"
"gid://shopify/UrlRedirect/277349302409","/product/clean-sweep-tee","/"
"gid://shopify/UrlRedirect/277396553865","/products/snagless-girls-hair-ties","/"
"gid://shopify/UrlRedirect/277397799049","/4-ways-workout-with-your-daughter","/"
"gid://shopify/UrlRedirect/277423194249","/products/c3dpbxn5bm","/"
"gid://shopify/UrlRedirect/277423227017","/products/y3jvcc10b3","/"
"gid://shopify/UrlRedirect/277478506633","/products/b-fresh-deodorant","/"
"gid://shopify/UrlRedirect/277483978889","/collections/shop_everything","/"
"gid://shopify/UrlRedirect/277484011657","/collections/shop-everything","/"
"gid://shopify/UrlRedirect/277910552713","/h","/"
"gid://shopify/UrlRedirect/277920678025","/products/active-girls-leggings-powerplum","/"
"gid://shopify/UrlRedirect/277927035017","/product/blitz-it-shorts-graphite","/"
"gid://shopify/UrlRedirect/278643900553","/products/the-amazing-sam-kerr-illustrated-fiction","/"
"gid://shopify/UrlRedirect/281654755465","/products/underarm-sweat-absorber-pads-40-pack","/"
"gid://shopify/UrlRedirect/281665208457","/policies/instagram.com/eltee.sydney","/"
"gid://shopify/UrlRedirect/281676218505","/products/glam-body-lip-balm","/"
"gid://shopify/UrlRedirect/281720062089","/products/girls-sport-socks","/"
"gid://shopify/UrlRedirect/281720094857","/products/crop-top-maverick","/"
"gid://shopify/UrlRedirect/281720750217","/products/girls-hoodie-jumper","/"
"gid://shopify/UrlRedirect/281721831561","/products/joie-active-girls-leggings","/"
"gid://shopify/UrlRedirect/281722093705","/products/girls-sports-shorts-paisley","/"
"gid://shopify/UrlRedirect/281722749065","/products/period-shortie-briefs","/"
"gid://shopify/UrlRedirect/281724190857","/products/girls-sports-crop-top-paisley","/"
"gid://shopify/UrlRedirect/281724780681","/products/sports-shorts-maverick","/"
"gid://shopify/UrlRedirect/281726320777","/products/girls-free-rein-sports-crop-heyday","/"
"gid://shopify/UrlRedirect/281726582921","/products/active-girls-sports-shorts-cherry-leopard","/"
"gid://shopify/UrlRedirect/281727434889","/collections/ko-activewear-set","/"
"gid://shopify/UrlRedirect/281728778377","/products/first-period-briefs-retro","/"
"gid://shopify/UrlRedirect/281729499273","/collections/girls-performance-swim","/"
"gid://shopify/UrlRedirect/281730744457","/products/first-period-briefs-black","/"
"gid://shopify/UrlRedirect/281731039369","/collections/girls-sports-leggings","/"
"gid://shopify/UrlRedirect/281731465353","/products/girls-sports-side-pocket-shorts-heyday","/"
"gid://shopify/UrlRedirect/281731661961","/collections/girls-sports-shorts","/"
"gid://shopify/UrlRedirect/281732579465","/products/the-girls-guide-to-growing-up","/"
"gid://shopify/UrlRedirect/281733005449","/collections/fan-faves","/"
"gid://shopify/UrlRedirect/281767510153","/products/sports-tank-top-khaki","/"
"gid://shopify/UrlRedirect/281768198281","/products/girls-buff","/"
"gid://shopify/UrlRedirect/282155745417","/blogs","/"
"gid://shopify/UrlRedirect/282214039689","/pages/our-credo","/pages/mission"
"gid://shopify/UrlRedirect/282215317641","/blogs/the-tee/first-period-alert-3-surefire-signs-that-its-on-its-way","/blogs/the-tee/4-period-signs"
"gid://shopify/UrlRedirect/282353467529","/products/streamline-active-tank-top-black","/products/athletic-tank"
"gid://shopify/UrlRedirect/282353500297","/collections/pbv2-activewear-set","/collections/girls-sportswear"
"gid://shopify/UrlRedirect/284474278025","/products/swimsync-pro-period","/products/girls-period-swimwear"
"gid://shopify/UrlRedirect/285243211913","/products/girls-period-undies-neutral","/products/teen-period-underwear-neutral"
"gid://shopify/UrlRedirect/285296820361","/products/period-swimwear-bottoms","/products/girls-period-swim-bottoms"
"gid://shopify/UrlRedirect/285805936777","/products/teen-period-underwear-neutral","/products/period-undies-for-girls"
"gid://shopify/UrlRedirect/286041669769","/products/period-undies-for-girls","/products/period-undies-for-girls-neutral"
"gid://shopify/UrlRedirect/286470865033","/collections/first-period-kits","/collections/kits-first-period"
"gid://shopify/UrlRedirect/286472044681","/products/first-period-survival-kit","/products/soothing-first-period-kit"
"gid://shopify/UrlRedirect/286473126025","/products/girls-first-period-pouch-kit","/products/first-period-kit"
"gid://shopify/UrlRedirect/288978174089","/blogs/the-tee/there-s-nothing-taboo-about-menstruation-period","/blogs/the-tee/mastering-her-cycle"
"gid://shopify/UrlRedirect/289500561545","/blogs/the-tee/research-results-breaking-the-barriers-menstruation-and-sports-participation-among-tween-and-teen-girls","/blogs/the-tee/why-girls-quit-sport"
"gid://shopify/UrlRedirect/290130526345","/blogs/the-tee/facebook.com/lavatribe","/"
"gid://shopify/UrlRedirect/290130657417","/blogs/the-tee/facebook.com.au/lavatribe","/"
"gid://shopify/UrlRedirect/290130690185","/blogs/the-tee/instagram.com/lava_tribe","/"
"gid://shopify/UrlRedirect/290130722953","/blogs/the-tee/lavatribe.com.au","/"
"gid://shopify/UrlRedirect/290133770377","/products/period-undies-for-girls-with-bumpers-black","/products/period-underwear-girls"
"gid://shopify/UrlRedirect/290149892233","/products/mix-match-bonza-bundle","/products/first-period-underwear-pack-one"
"gid://shopify/UrlRedirect/290156314761","/products/bundle-offer-5","/products/teen-period-underwear-pack-2"
"gid://shopify/UrlRedirect/290159886473","/collections/bundles","/collections/girls-period-bundle-packs"
"gid://shopify/UrlRedirect/290508341385","/products/first-period-underwear-pack-one","https://elteesydney.com.au/collections/girls-period-bundle-packs"
"gid://shopify/UrlRedirect/291165864073","/products/girls-period-undies-black","https://elteesydney.com.au/products/period-underwear-girls"
"gid://shopify/UrlRedirect/296479981705","/pages/teen-period-underwear-bumpers","/pages/teen"
"gid://shopify/UrlRedirect/296567275657","/pages/teen","/pages/teen-period-underwear"
"gid://shopify/UrlRedirect/298315448457","/pages/teen-period-undies","/pages/teen-period-underwear"
"gid://shopify/UrlRedirect/299023007881","/pages/care-guide","/pages/period-proof-care-info"
"gid://shopify/UrlRedirect/301254672521","/products/girls-period-leotard-undies","/products/period-dance-gym"
"gid://shopify/UrlRedirect/301798129801","/collections/period-underwear-for-girls","/collections/teen-period-underwear"
"gid://shopify/UrlRedirect/305605705865","/products/period-undies-for-girls-neutral?srsltid=afmbooqhyohdzp4kibi9mmrfyfed1uv6rmy2b8obpd5vkh3f3bsbr6mj","/products/period-undies-for-girls-neutral"
"gid://shopify/UrlRedirect/305606197385","/products/period-undies-for-girls-neutral?srsltid=afmboore3ksf98vn3i_y-f7idasvdvvcdqjsrqbbrreqtjaig8oyoo_f","https://elteesydney.com.au/products/period-undies-for-girls-neutral"
"gid://shopify/UrlRedirect/305606361225","/products/period-undies-for-girls-neutral?srsltid=afmbooo4ovaauxcxb1g7mx4zivpkcu8merilwykhkrntselrfxkprj3y","https://elteesydney.com.au/products/period-undies-for-girls-neutral"
"gid://shopify/UrlRedirect/305606459529","/collections/teen-period-underwear?srsltid=afmbooqvcrbreiicu46ltqledaxmrahbllshzhzwisueuljvrak0fogt","https://elteesydney.com.au/collections/teen-period-underwear"
"gid://shopify/UrlRedirect/305783505033","/products/girls-period-swim-bottom","/products/girls-period-swim-bottoms"
"gid://shopify/UrlRedirect/309463875721","/pages/teen-period-underwear","/pages/best-period-underwear-tween-teen"
"gid://shopify/UrlRedirect/309965160585","/products/leakproof-girls-briefs","/products/teen-period-boyshort-undies"
"gid://shopify/UrlRedirect/311088414857","/period-undies-for-girls-neutral","/products/period-underwear-girls"
"gid://shopify/UrlRedirect/319216713865","/products/everyday-basic-girls-period-briefs","/products/everyday-basics-teenage-underwear"
"gid://shopify/UrlRedirect/319987384457","/pages/demo-videos","/pages/period-undies-demo-videos"
"gid://shopify/UrlRedirect/320871760009","/products/copy-total-freedom-trio-neutral","/products/period-underwear-girls"
"gid://shopify/UrlRedirect/320871792777","/products/swim-undies-2-pack","/products/girls-period-swim-bottoms"
"gid://shopify/UrlRedirect/321732935817","/products/girls-period-swim-bottoms","/products/period-swim-undies"
"gid://shopify/UrlRedirect/321864466569","/404","https://elteesydney.com.au/"
"gid://shopify/UrlRedirect/321864499337","/collections/girls-period-bundle-packs","https://elteesydney.com.au/products/period-underwear-girls"
"gid://shopify/UrlRedirect/321864532105","/collections/girls-period-pads-tampons","/"
"gid://shopify/UrlRedirect/321864564873","/collections/girls-skincare","https://elteesydney.com.au/"
"gid://shopify/UrlRedirect/321864597641","/null","https://elteesydney.com.au/"
"gid://shopify/UrlRedirect/321864630409","/pages/null","/"
"gid://shopify/UrlRedirect/321864728713","/products/mini-tampons-for-girls-12-pack","/"
"gid://shopify/UrlRedirect/321864794249","/products/period-undies-for-girls-neutral","https://elteesydney.com.au/products/period-underwear-girls"
"gid://shopify/UrlRedirect/321864827017","/products/teen-period-underwear-pack-2","https://elteesydney.com.au/products/period-underwear-girls"
"gid://shopify/UrlRedirect/321882128521","/products/teen-period-boyshort-undies","/products/period-boyshort-undies"
"gid://shopify/UrlRedirect/322142109833","/products/stash-bag","/products/wet-pouch"
"gid://shopify/UrlRedirect/326108479625","/all","/collections/all"
"gid://shopify/UrlRedirect/328396406921","?locale=en&region_country=au","https://account.elteesydney.com.au/"
"gid://shopify/UrlRedirect/328603893897","/collections/best-sellers","/collections/best-period-underwear"
"gid://shopify/UrlRedirect/328648523913","/products/period-swimwear-briefs-for-teens","/products/period-swimwear-bottoms-for-teens"
"gid://shopify/UrlRedirect/328746696841","/blogs/the-tee","/blogs/period-advice"
"gid://shopify/UrlRedirect/328746729609","/blogs/the-tee/what-can-girls-wear-under-a-leotard-during-their-period","/blogs/period-advice/what-can-girls-wear-under-a-leotard-during-their-period"
"gid://shopify/UrlRedirect/328746762377","/blogs/the-tee/pads-vs-period-undies-whats-the-difference","/blogs/period-advice/pads-vs-period-undies-whats-the-difference"
"gid://shopify/UrlRedirect/328746795145","/blogs/the-tee/mastering-her-cycle","/blogs/period-advice/mastering-her-cycle"
"gid://shopify/UrlRedirect/328746827913","/blogs/the-tee/girls-breast-development","/blogs/period-advice/girls-breast-development"
"gid://shopify/UrlRedirect/328746860681","/blogs/the-tee/why-girls-quit-sport","/blogs/period-advice/why-girls-quit-sport"
"gid://shopify/UrlRedirect/328746893449","/blogs/the-tee/4-period-signs","/blogs/period-advice/4-period-signs"
"gid://shopify/UrlRedirect/328746926217","/blogs/the-tee/support-sporty-girls-adolescence","/blogs/period-advice/support-sporty-girls-adolescence"
"gid://shopify/UrlRedirect/328746958985","/blogs/the-tee/play-on-tween-and-teen-girls-period-undies","/blogs/period-advice/play-on-tween-and-teen-girls-period-undies"
"gid://shopify/UrlRedirect/328746991753","/blogs/the-tee/all-about-confidence","/blogs/period-advice/all-about-confidence"
"gid://shopify/UrlRedirect/328747024521","/blogs/the-tee/survey-periods-impact-sport","/blogs/period-advice/survey-periods-impact-sport"
"gid://shopify/UrlRedirect/328747057289","/blogs/the-tee/school-holiday-activities-adults-enjoy","/blogs/period-advice/school-holiday-activities-adults-enjoy"
"gid://shopify/UrlRedirect/328747090057","/blogs/the-tee/6-simple-skincare-steps-for-sporty-girls","/blogs/period-advice/6-simple-skincare-steps-for-sporty-girls"
"gid://shopify/UrlRedirect/328747122825","/blogs/the-tee/girls-gym-ready","/blogs/period-advice/girls-gym-ready"
"gid://shopify/UrlRedirect/328747155593","/blogs/the-tee/active-life-active-mind-how-sports-and-fitness-help-kids-stay-on-track-at-school","/blogs/period-advice/active-life-active-mind-how-sports-and-fitness-help-kids-stay-on-track-at-school"
"gid://shopify/UrlRedirect/328747188361","/blogs/the-tee/why-girls-who-play-sport-win-at-wellbeing","/blogs/period-advice/why-girls-who-play-sport-win-at-wellbeing"
"gid://shopify/UrlRedirect/328747221129","/blogs/the-tee/doing-the-best-i-can","/blogs/period-advice/doing-the-best-i-can"
"gid://shopify/UrlRedirect/328747253897","/blogs/the-tee/skin-changes-in-pre-teens","/blogs/period-advice/skin-changes-in-pre-teens"
"gid://shopify/UrlRedirect/328747286665","/blogs/the-tee/six-trailblazing-women-in-australian-sport","/blogs/period-advice/six-trailblazing-women-in-australian-sport"
"gid://shopify/UrlRedirect/328747319433","/blogs/the-tee/lava-tribe-2021-best-fairest-award","/blogs/period-advice/lava-tribe-2021-best-fairest-award"
"gid://shopify/UrlRedirect/328747352201","/blogs/the-tee/sport-doesnt-like-it","/blogs/period-advice/sport-doesnt-like-it"
"gid://shopify/UrlRedirect/328766259337","/collections/kits-first-period","/collections/period-starter-packs"
"gid://shopify/UrlRedirect/328808071305","/collections/girls-first-period-early-cycle-years","/collections/girls-first-period"
"gid://shopify/UrlRedirect/328808169609","/collections/girls-first-period","/collections/best-first-period-tween-teen-girl"
"gid://shopify/UrlRedirect/328808628361","/pages/best-period-underwear-tween-teen","/pages/first-period-tween-teen"
"gid://shopify/UrlRedirect/329727737993","/blogs/period-advice","/blogs/period-info-guides"
"gid://shopify/UrlRedirect/329727770761","/blogs/period-advice/keep-your-tropes-sheargold-matildas-remarks-are-no-joke","/blogs/period-info-guides/keep-your-tropes-sheargold-matildas-remarks-are-no-joke"
"gid://shopify/UrlRedirect/329727803529","/blogs/period-advice/first-guide-to-using-pads-and-tampons","/blogs/period-info-guides/first-guide-to-using-pads-and-tampons"
"gid://shopify/UrlRedirect/329727836297","/blogs/period-advice/what-can-girls-wear-under-a-leotard-during-their-period","/blogs/period-info-guides/what-can-girls-wear-under-a-leotard-during-their-period"
"gid://shopify/UrlRedirect/329727869065","/blogs/period-advice/pads-vs-period-undies-whats-the-difference","/blogs/period-info-guides/pads-vs-period-undies-whats-the-difference"
"gid://shopify/UrlRedirect/329727901833","/blogs/period-advice/mastering-her-cycle","/blogs/period-info-guides/mastering-her-cycle"
"gid://shopify/UrlRedirect/329727934601","/blogs/period-advice/girls-breast-development","/blogs/period-info-guides/girls-breast-development"
"gid://shopify/UrlRedirect/329727967369","/blogs/period-advice/why-girls-quit-sport","/blogs/period-info-guides/why-girls-quit-sport"
"gid://shopify/UrlRedirect/329728000137","/blogs/period-advice/4-period-signs","/blogs/period-info-guides/4-period-signs"
"gid://shopify/UrlRedirect/329728032905","/blogs/period-advice/support-sporty-girls-adolescence","/blogs/period-info-guides/support-sporty-girls-adolescence"
"gid://shopify/UrlRedirect/329728065673","/blogs/period-advice/play-on-tween-and-teen-girls-period-undies","/blogs/period-info-guides/play-on-tween-and-teen-girls-period-undies"
"gid://shopify/UrlRedirect/329728098441","/blogs/period-advice/all-about-confidence","/blogs/period-info-guides/all-about-confidence"
"gid://shopify/UrlRedirect/329728131209","/blogs/period-advice/survey-periods-impact-sport","/blogs/period-info-guides/survey-periods-impact-sport"
"gid://shopify/UrlRedirect/329728163977","/blogs/period-advice/school-holiday-activities-adults-enjoy","/blogs/period-info-guides/school-holiday-activities-adults-enjoy"
"gid://shopify/UrlRedirect/329728196745","/blogs/period-advice/6-simple-skincare-steps-for-sporty-girls","/blogs/period-info-guides/6-simple-skincare-steps-for-sporty-girls"
"gid://shopify/UrlRedirect/329728229513","/blogs/period-advice/girls-gym-ready","/blogs/period-info-guides/girls-gym-ready"
"gid://shopify/UrlRedirect/329728262281","/blogs/period-advice/active-life-active-mind-how-sports-and-fitness-help-kids-stay-on-track-at-school","/blogs/period-info-guides/active-life-active-mind-how-sports-and-fitness-help-kids-stay-on-track-at-school"
"gid://shopify/UrlRedirect/329728295049","/blogs/period-advice/why-girls-who-play-sport-win-at-wellbeing","/blogs/period-info-guides/why-girls-who-play-sport-win-at-wellbeing"
"gid://shopify/UrlRedirect/329728327817","/blogs/period-advice/doing-the-best-i-can","/blogs/period-info-guides/doing-the-best-i-can"
"gid://shopify/UrlRedirect/329728360585","/blogs/period-advice/skin-changes-in-pre-teens","/blogs/period-info-guides/skin-changes-in-pre-teens"
"gid://shopify/UrlRedirect/329728393353","/blogs/period-advice/six-trailblazing-women-in-australian-sport","/blogs/period-info-guides/six-trailblazing-women-in-australian-sport"
"gid://shopify/UrlRedirect/329728426121","/blogs/period-advice/lava-tribe-2021-best-fairest-award","/blogs/period-info-guides/lava-tribe-2021-best-fairest-award"
"gid://shopify/UrlRedirect/329728458889","/blogs/period-advice/sport-doesnt-like-it","/blogs/period-info-guides/sport-doesnt-like-it"
"gid://shopify/UrlRedirect/339086016649","/products/underliner","/products/underliner-girls-leak-proof"
"gid://shopify/UrlRedirect/345858605193","/everyday-basics-teenage-underwear","/underliner-girls-leak-proof"
"gid://shopify/UrlRedirect/350053302409","/pages/quick-answers","/pages/faq"
"gid://shopify/UrlRedirect/351924781193","/products/period-underwear-starter-kit","/products/my-first-period-pack"
"gid://shopify/UrlRedirect/429446627465","/pages/returns-exchange","/pages/returns-es"
"gid://shopify/UrlRedirect/434619941001","/pages/returns","/pages/returns-jj"
"gid://shopify/UrlRedirect/434635014281","/pages/returns-and-exchanges","/pages/returns-es"
"gid://shopify/UrlRedirect/456464105609","/pages/period-solutions-for-competitive-swimmers","/pages/comp-swimmers"
"gid://shopify/UrlRedirect/459432624265","/pages/first-period-tween-teen","/pages/first-period-underwear-for-girls"
"gid://shopify/UrlRedirect/469805498505","/products/the-pool-perfect-combo","https://elteesydney.com.au/products/tpp-combo"
